age,is_male,years_of_experience,salary,education_level_Master's,education_level_PhD,job_level_1,job_level_2,job_level_3,job_level_4
-0.7693980698009627,1,-0.7682755754232535,90000.0,0,0,0,1,0,0
-1.3360031636524117,0,-1.073702476177715,65000.0,1,0,0,1,0,0
1.0720684852162468,1,0.7588589283490543,150000.0,0,1,0,0,0,1
-0.2027929759495136,0,-0.4628486746687919,60000.0,0,0,0,1,0,0
2.0636273994562826,1,1.5224261802352081,200000.0,1,0,0,0,0,1
-1.1943518901895496,1,-1.226415926554946,55000.0,0,0,0,1,0,0
0.64711466482766,0,0.30071857721736195,120000.0,1,0,0,0,1,0
-0.9110493432638249,1,-0.9209890258004843,80000.0,0,0,0,0,1,0
-1.6193057105781363,0,-1.3791293769321766,45000.0,0,0,0,1,0,0
0.08050957097621093,1,-0.004708323537099594,110000.0,0,1,0,0,1,0
-1.1943518901895496,1,-1.073702476177715,75000.0,1,0,0,1,0,0
1.4970223056048337,0,1.2169992794807467,140000.0,0,0,0,0,1,0
-0.3444442494123759,1,-0.6155621250460227,65000.0,0,0,0,1,0,0
0.36381211790193546,0,0.6061454779718235,130000.0,1,0,0,0,1,0
-1.477654437115274,1,-1.226415926554946,40000.0,0,0,1,0,0,0
0.9304172117533845,1,0.911572378726285,125000.0,0,0,0,0,0,1
-0.6277467963381004,0,-0.4628486746687919,90000.0,1,0,0,1,0,0
0.22216084443907322,1,0.30071857721736195,115000.0,0,1,0,0,1,0
-1.7609569840409987,0,-1.5318428273094074,35000.0,0,0,1,0,0,0
1.9219761259934205,1,1.8278530809896698,180000.0,0,0,0,0,0,1
-0.48609552287523816,0,-0.7682755754232535,80000.0,1,0,0,1,0,0
1.3553710321419714,1,1.3697127298579774,190000.0,1,0,0,0,0,1
-1.0527006167266872,1,-1.226415926554946,50000.0,0,0,0,1,0,0
-0.2027929759495136,0,-0.15742177391433038,60000.0,0,0,0,1,0,0
0.5054633913647978,1,0.4534320275945927,140000.0,1,0,0,0,0,1
-1.3360031636524117,0,-1.073702476177715,45000.0,0,0,1,0,0,0
-0.06114170248665133,0,0.14800512684013117,110000.0,1,0,0,0,1,0
-1.9026082575038608,1,-1.3791293769321766,40000.0,0,0,1,0,0,0
0.7887659382905223,0,0.7588589283490543,140000.0,0,1,0,0,0,1
-0.6277467963381004,1,-0.6155621250460227,90000.0,1,0,0,1,0,0
1.7803248525305582,1,2.285993432121362,250000.0,0,0,0,0,0,1
-0.9110493432638249,0,-0.9209890258004843,55000.0,0,0,0,1,0,0
-1.1943518901895496,1,-1.073702476177715,75000.0,1,0,0,1,0,0
0.22216084443907322,0,-0.004708323537099594,65000.0,0,0,0,1,0,0
1.213719758679109,1,1.5224261802352081,170000.0,0,1,0,0,0,1
-1.477654437115274,1,-1.226415926554946,45000.0,0,0,1,0,0,0
-0.3444442494123759,0,-0.4628486746687919,60000.0,0,0,0,1,0,0
0.64711466482766,1,0.6061454779718235,115000.0,1,0,0,0,1,0
-1.6193057105781363,0,-1.3791293769321766,40000.0,0,0,1,0,0,0
1.6386735790676958,1,1.675139630612439,160000.0,0,0,0,0,0,1
-0.48609552287523816,0,-0.7682755754232535,80000.0,1,0,0,1,0,0
1.4970223056048337,1,1.2169992794807467,190000.0,1,0,0,0,0,1
-1.0527006167266872,1,-1.073702476177715,60000.0,0,0,0,1,0,0
-0.2027929759495136,0,-0.31013522429156115,45000.0,0,0,0,1,0,0
0.5054633913647978,1,0.4534320275945927,130000.0,1,0,0,0,0,1
-1.3360031636524117,0,-1.226415926554946,40000.0,0,0,1,0,0,0
-0.7693980698009627,1,-0.7682755754232535,75000.0,0,0,0,1,0,0
1.0720684852162468,0,0.911572378726285,180000.0,1,0,0,0,0,1
0.08050957097621093,1,0.14800512684013117,120000.0,0,1,0,0,1,0
-1.7609569840409987,1,-1.5318428273094074,35000.0,0,0,1,0,0,0
1.9219761259934205,0,1.8278530809896698,130000.0,0,0,0,0,1,0
-0.6277467963381004,1,-0.4628486746687919,85000.0,1,0,0,1,0,0
0.36381211790193546,0,0.30071857721736195,60000.0,0,0,0,1,0,0
1.3553710321419714,1,1.3697127298579774,200000.0,1,0,0,0,0,1
-1.1943518901895496,0,-1.073702476177715,50000.0,0,0,0,1,0,0
-0.2027929759495136,1,-0.15742177391433038,95000.0,0,0,0,0,1,0
-1.477654437115274,0,-1.226415926554946,65000.0,1,0,0,1,0,0
0.7887659382905223,1,1.0642858291035158,140000.0,0,1,0,0,1,0
-1.0527006167266872,0,-0.9209890258004843,55000.0,0,0,0,1,0,0
-0.3444442494123759,1,-0.4628486746687919,105000.0,1,0,0,0,1,0
1.9219761259934205,0,1.9805665313669005,170000.0,1,0,0,0,0,1
-1.1943518901895496,1,-1.073702476177715,50000.0,0,0,0,1,0,0
0.36381211790193546,0,0.30071857721736195,80000.0,0,0,0,0,1,0
1.3553710321419714,1,1.675139630612439,180000.0,0,1,0,0,0,1
-1.6193057105781363,1,-1.3791293769321766,35000.0,0,0,1,0,0,0
0.08050957097621093,0,-0.004708323537099594,90000.0,1,0,0,1,0,0
1.213719758679109,1,1.3697127298579774,120000.0,0,0,0,0,1,0
-0.9110493432638249,0,-0.7682755754232535,45000.0,0,0,1,0,0,0
-0.48609552287523816,1,-0.31013522429156115,90000.0,1,0,0,1,0,0
1.6386735790676958,0,1.2169992794807467,150000.0,1,0,0,0,1,0
-0.6277467963381004,1,-0.6155621250460227,65000.0,0,0,0,1,0,0
0.22216084443907322,0,0.14800512684013117,70000.0,0,0,0,1,0,0
1.0720684852162468,1,0.911572378726285,190000.0,0,1,0,0,0,1
-1.3360031636524117,1,-1.226415926554946,40000.0,0,0,1,0,0,0
0.64711466482766,0,0.6061454779718235,120000.0,1,0,0,0,1,0
-0.06114170248665133,1,-0.004708323537099594,95000.0,0,0,0,0,1,0
1.7803248525305582,0,1.8278530809896698,160000.0,0,0,0,0,0,1
-0.7693980698009627,1,-0.6155621250460227,100000.0,1,0,0,0,0,1
1.4970223056048337,0,1.5224261802352081,180000.0,1,0,0,0,0,1
-1.0527006167266872,0,-1.073702476177715,55000.0,0,0,0,1,0,0
-0.2027929759495136,1,-0.31013522429156115,70000.0,0,0,0,1,0,0
0.5054633913647978,0,0.4534320275945927,80000.0,1,0,0,1,0,0
-1.7609569840409987,1,-1.5318428273094074,30000.0,0,0,1,0,0,0
2.0636273994562826,1,2.1332799817441312,250000.0,0,1,0,0,0,1
-1.1943518901895496,0,-1.226415926554946,40000.0,0,0,1,0,0,0
-0.48609552287523816,0,-0.004708323537099594,95000.0,1,0,0,0,1,0
-1.477654437115274,1,-1.226415926554946,45000.0,0,0,0,1,0,0
0.36381211790193546,0,0.7588589283490543,80000.0,0,0,0,1,0,0
1.213719758679109,1,1.675139630612439,135000.0,1,0,0,0,0,1
-0.9110493432638249,0,-0.6155621250460227,55000.0,0,0,0,1,0,0
-0.2027929759495136,1,0.14800512684013117,120000.0,0,1,0,0,1,0
-1.1943518901895496,0,-1.073702476177715,40000.0,0,0,0,1,0,0
0.7887659382905223,1,1.2169992794807467,105000.0,0,0,0,0,1,0
2.0636273994562826,0,2.285993432121362,170000.0,1,0,0,0,0,1
-0.6277467963381004,1,-0.4628486746687919,75000.0,0,0,0,1,0,0
0.22216084443907322,0,0.30071857721736195,65000.0,0,0,0,1,0,0
1.3553710321419714,1,1.8278530809896698,160000.0,0,1,0,0,0,1
-1.6193057105781363,1,-1.3791293769321766,35000.0,0,0,1,0,0,0
0.08050957097621093,0,-0.004708323537099594,90000.0,1,0,0,1,0,0
1.0720684852162468,1,1.5224261802352081,110000.0,0,0,0,0,1,0
-0.9110493432638249,0,-0.7682755754232535,45000.0,0,0,0,1,0,0
-0.3444442494123759,1,-0.31013522429156115,95000.0,1,0,0,0,1,0
1.6386735790676958,0,1.3697127298579774,150000.0,1,0,0,0,0,1
-0.6277467963381004,1,-0.7682755754232535,50000.0,0,0,0,1,0,0
0.22216084443907322,0,0.4534320275945927,80000.0,1,0,0,0,1,0
0.9304172117533845,1,0.911572378726285,220000.0,0,1,0,0,0,1
-1.0527006167266872,0,-1.073702476177715,50000.0,0,0,0,1,0,0
-0.2027929759495136,1,-0.4628486746687919,60000.0,0,0,0,1,0,0
0.5054633913647978,0,0.6061454779718235,100000.0,1,0,0,1,0,0
-1.3360031636524117,1,-1.226415926554946,40000.0,0,0,1,0,0,0
0.64711466482766,0,0.7588589283490543,110000.0,1,0,0,0,1,0
-0.06114170248665133,1,-0.15742177391433038,95000.0,0,0,0,0,1,0
1.7803248525305582,0,1.8278530809896698,130000.0,0,0,0,0,0,1
-0.7693980698009627,1,-0.6155621250460227,90000.0,1,0,0,0,1,0
-2.0442595309667233,0,-1.455486102120792,35000.0,0,0,1,0,0,0
-0.9110493432638249,1,-0.6155621250460227,95000.0,1,0,0,0,1,0
0.36381211790193546,0,0.7588589283490543,65000.0,0,0,0,1,0,0
1.4970223056048337,1,1.5224261802352081,170000.0,0,1,0,0,0,1
-1.1943518901895496,0,-1.073702476177715,45000.0,0,0,1,0,0,0
-0.3444442494123759,1,-0.004708323537099594,120000.0,1,0,0,0,1,0
0.64711466482766,0,1.0642858291035158,100000.0,0,0,0,0,1,0
2.205278672919145,1,2.285993432121362,180000.0,1,0,0,0,0,1
-0.6277467963381004,0,-0.7682755754232535,50000.0,0,0,0,1,0,0
0.08050957097621093,1,0.14800512684013117,80000.0,0,0,0,0,1,0
0.9304172117533845,0,0.911572378726285,140000.0,0,1,0,0,1,0
-1.6193057105781363,1,-1.226415926554946,40000.0,0,0,1,0,0,0
-0.06114170248665133,0,-0.15742177391433038,95000.0,1,0,0,0,1,0
1.0720684852162468,1,1.2169992794807467,110000.0,0,0,0,0,1,0
-0.7693980698009627,0,-0.9209890258004843,50000.0,0,0,0,1,0,0
-0.48609552287523816,1,-0.31013522429156115,105000.0,1,0,0,0,1,0
1.7803248525305582,0,1.675139630612439,160000.0,1,0,0,0,0,1
-1.1943518901895496,1,-1.073702476177715,45000.0,0,0,1,0,0,0
0.36381211790193546,0,0.30071857721736195,100000.0,1,0,0,0,1,0
1.3553710321419714,1,1.8278530809896698,160000.0,0,1,0,0,0,1
-1.477654437115274,1,-1.3791293769321766,35000.0,0,0,1,0,0,0
0.22216084443907322,0,-0.004708323537099594,55000.0,0,0,0,1,0,0
1.213719758679109,1,1.3697127298579774,140000.0,1,0,0,0,0,1
-1.0527006167266872,0,-0.9209890258004843,50000.0,0,0,0,1,0,0
-0.2027929759495136,1,-0.4628486746687919,60000.0,0,0,0,1,0,0
0.7887659382905223,0,0.6061454779718235,120000.0,1,0,0,0,1,0
-1.3360031636524117,1,-1.226415926554946,40000.0,0,0,0,1,0,0
0.5054633913647978,0,0.4534320275945927,110000.0,1,0,0,0,0,1
-0.6277467963381004,1,-0.7682755754232535,50000.0,0,0,1,0,0,0
1.3553710321419714,1,1.5224261802352081,135000.0,0,0,0,0,0,1
-1.7609569840409987,0,-1.3027726517435612,40000.0,1,0,1,0,0,0
-0.48609552287523816,1,-0.31013522429156115,90000.0,0,0,0,0,1,0
0.64711466482766,0,0.911572378726285,150000.0,0,1,0,0,0,1
-0.9110493432638249,1,-0.9209890258004843,60000.0,0,0,1,0,0,0
0.08050957097621093,0,-0.004708323537099594,80000.0,0,0,0,1,0,0
1.0720684852162468,1,1.3697127298579774,175000.0,1,0,0,0,0,1
-1.1943518901895496,0,-1.073702476177715,45000.0,0,0,1,0,0,0
-0.2027929759495136,1,0.14800512684013117,120000.0,1,0,0,0,1,0
0.7887659382905223,0,1.2169992794807467,140000.0,0,1,0,0,0,1
-1.6193057105781363,1,-1.226415926554946,35000.0,0,0,1,0,0,0
-0.06114170248665133,0,-0.15742177391433038,95000.0,1,0,0,1,0,0
0.9304172117533845,1,0.6061454779718235,110000.0,0,0,0,0,1,0
-0.7693980698009627,0,-0.7682755754232535,50000.0,0,0,0,1,0,0
-0.6277467963381004,1,-0.4628486746687919,115000.0,1,0,0,0,1,0
1.9219761259934205,0,1.9805665313669005,185000.0,0,1,0,0,0,1
-1.3360031636524117,1,-1.226415926554946,40000.0,0,0,1,0,0,0
0.22216084443907322,0,0.30071857721736195,90000.0,0,0,0,0,1,0
1.4970223056048337,1,1.675139630612439,175000.0,1,0,0,0,0,1
-1.0527006167266872,0,-1.073702476177715,45000.0,0,0,1,0,0,0
-0.3444442494123759,1,-0.4628486746687919,80000.0,0,0,0,1,0,0
0.5054633913647978,0,0.4534320275945927,120000.0,1,0,0,0,0,1
-1.477654437115274,1,-1.3027726517435612,35000.0,0,0,1,0,0,0
0.36381211790193546,0,0.6061454779718235,110000.0,0,0,0,0,1,0
1.213719758679109,1,1.2169992794807467,150000.0,0,1,0,0,0,1
-0.9110493432638249,0,-0.9209890258004843,50000.0,0,0,1,0,0,0
-0.48609552287523816,1,-0.15742177391433038,105000.0,1,0,0,0,0,1
1.7803248525305582,0,1.5224261802352081,180000.0,1,0,0,0,0,1
-1.1943518901895496,1,-1.226415926554946,40000.0,0,0,1,0,0,0
0.7887659382905223,1,0.911572378726285,140000.0,0,0,0,0,0,1
-1.6193057105781363,0,-1.3027726517435612,45000.0,1,0,1,0,0,0
-0.3444442494123759,1,-0.4628486746687919,85000.0,0,0,0,1,0,0
0.64711466482766,0,1.2169992794807467,140000.0,0,1,0,0,0,1
-0.9110493432638249,1,-0.9209890258004843,50000.0,0,0,1,0,0,0
0.08050957097621093,0,-0.004708323537099594,80000.0,0,0,0,1,0,0
1.213719758679109,1,1.5224261802352081,170000.0,1,0,0,0,0,1
-1.1943518901895496,0,-1.226415926554946,40000.0,0,0,1,0,0,0
-0.06114170248665133,1,-0.15742177391433038,105000.0,1,0,0,0,1,0
0.9304172117533845,0,0.7588589283490543,145000.0,0,1,0,0,0,1
-1.477654437115274,1,-1.226415926554946,40000.0,0,0,0,1,0,0
-0.2027929759495136,0,-0.31013522429156115,85000.0,0,0,0,0,1,0
0.7887659382905223,1,0.6061454779718235,130000.0,0,0,0,0,0,1
-0.6277467963381004,0,-0.6155621250460227,95000.0,1,0,0,0,1,0
-0.48609552287523816,1,-0.15742177391433038,100000.0,0,0,0,0,1,0
1.7803248525305582,0,1.8278530809896698,180000.0,0,1,0,0,0,1
-1.3360031636524117,1,-1.3027726517435612,35000.0,0,0,0,1,0,0
0.22216084443907322,0,0.30071857721736195,95000.0,0,0,0,0,1,0
1.3553710321419714,1,1.3697127298579774,170000.0,1,0,0,0,0,1
-1.0527006167266872,0,-1.073702476177715,45000.0,0,0,1,0,0,0
-0.48609552287523816,1,-0.4628486746687919,95000.0,0,0,0,0,1,0
0.36381211790193546,0,0.4534320275945927,120000.0,1,0,0,0,1,0
-1.3360031636524117,1,-1.226415926554946,40000.0,0,0,0,1,0,0
0.5054633913647978,0,0.14800512684013117,90000.0,0,0,0,1,0,0
1.0720684852162468,1,1.0642858291035158,155000.0,0,1,0,0,0,1
-0.7693980698009627,0,-0.7682755754232535,55000.0,0,0,0,1,0,0
-0.3444442494123759,1,-0.15742177391433038,110000.0,1,0,0,0,1,0
1.6386735790676958,0,1.675139630612439,180000.0,1,0,0,0,0,1
-1.0527006167266872,1,-1.073702476177715,45000.0,0,0,1,0,0,0
0.9304172117533845,1,0.911572378726285,130000.0,0,0,0,0,0,1
-1.477654437115274,0,-1.3027726517435612,45000.0,1,0,1,0,0,0
-0.2027929759495136,1,-0.4628486746687919,90000.0,0,0,0,1,0,0
0.5054633913647978,0,1.0642858291035158,160000.0,0,1,0,0,0,1
-0.9110493432638249,1,-0.9209890258004843,50000.0,0,0,1,0,0,0
0.22216084443907322,0,-0.004708323537099594,120000.0,0,0,0,0,1,0
1.3553710321419714,1,1.5224261802352081,170000.0,1,0,0,0,0,1
-1.0527006167266872,0,-1.226415926554946,40000.0,0,0,1,0,0,0
0.08050957097621093,1,-0.15742177391433038,110000.0,1,0,0,0,1,0
1.0720684852162468,0,0.7588589283490543,150000.0,0,1,0,0,0,1
-1.3360031636524117,1,-1.226415926554946,40000.0,0,0,1,0,0,0
-0.3444442494123759,0,-0.31013522429156115,85000.0,0,0,0,1,0,0
0.9304172117533845,1,0.6061454779718235,130000.0,0,0,0,0,0,1
-0.48609552287523816,0,-0.6155621250460227,100000.0,1,0,0,0,1,0
-0.3444442494123759,1,-0.15742177391433038,95000.0,0,0,0,0,1,0
1.7803248525305582,0,1.8278530809896698,180000.0,0,1,0,0,0,1
-1.1943518901895496,1,-1.3027726517435612,35000.0,0,0,1,0,0,0
0.36381211790193546,0,0.30071857721736195,100000.0,0,0,0,0,1,0
1.4970223056048337,1,1.3697127298579774,170000.0,1,0,0,0,0,1
-0.9110493432638249,0,-1.073702476177715,45000.0,0,0,1,0,0,0
-0.6277467963381004,1,-0.4628486746687919,100000.0,0,0,0,0,1,0
0.64711466482766,0,0.4534320275945927,140000.0,1,0,0,0,0,1
-1.3360031636524117,1,-1.226415926554946,40000.0,0,0,0,1,0,0
0.36381211790193546,0,0.14800512684013117,105000.0,0,0,0,0,0,1
1.213719758679109,1,1.2169992794807467,160000.0,0,1,0,0,0,1
-0.6277467963381004,0,-0.7682755754232535,70000.0,0,0,0,1,0,0
-0.06114170248665133,1,-0.15742177391433038,120000.0,1,0,0,0,1,0
1.9219761259934205,0,1.675139630612439,190000.0,1,0,0,0,0,1
-1.0527006167266872,1,-1.073702476177715,45000.0,0,0,1,0,0,0
0.7887659382905223,1,0.7588589283490543,120000.0,0,0,0,0,0,1
-1.477654437115274,0,-1.3027726517435612,50000.0,1,0,0,1,0,0
-0.3444442494123759,1,-0.31013522429156115,85000.0,0,0,0,1,0,0
0.64711466482766,0,0.4534320275945927,140000.0,0,1,0,0,0,1
-0.7693980698009627,1,-1.073702476177715,45000.0,0,0,1,0,0,0
-0.06114170248665133,0,-0.15742177391433038,100000.0,0,0,0,0,1,0
1.0720684852162468,1,0.911572378726285,140000.0,1,0,0,0,1,0
-0.6277467963381004,0,-0.7682755754232535,70000.0,0,0,0,1,0,0
0.22216084443907322,1,-0.004708323537099594,120000.0,0,0,0,0,1,0
0.9304172117533845,0,1.2169992794807467,160000.0,0,1,0,0,0,1
-1.1943518901895496,1,-1.3027726517435612,40000.0,0,0,0,1,0,0
0.08050957097621093,0,-0.004708323537099594,120000.0,0,0,0,0,1,0
1.213719758679109,1,1.3697127298579774,150000.0,0,1,0,0,0,1
-0.48609552287523816,0,-0.6155621250460227,70000.0,0,0,1,0,0,0
-0.2027929759495136,1,-0.31013522429156115,95000.0,0,0,0,0,1,0
1.6386735790676958,0,1.675139630612439,180000.0,1,0,0,0,0,1
-0.9110493432638249,1,-1.073702476177715,50000.0,0,0,0,1,0,0
0.5054633913647978,0,0.14800512684013117,95000.0,0,0,0,0,1,0
1.3553710321419714,1,1.5224261802352081,170000.0,1,0,0,0,0,1
-1.0527006167266872,0,-1.226415926554946,40000.0,0,0,1,0,0,0
0.08050957097621093,1,-0.15742177391433038,110000.0,1,0,0,0,1,0
1.0720684852162468,0,0.7588589283490543,150000.0,0,1,0,0,0,1
-1.3360031636524117,1,-1.226415926554946,40000.0,0,0,1,0,0,0
-0.3444442494123759,0,-0.31013522429156115,85000.0,0,0,0,1,0,0
0.9304172117533845,1,0.6061454779718235,130000.0,0,0,0,0,0,1
-0.48609552287523816,0,-0.6155621250460227,100000.0,1,0,0,0,1,0
-0.3444442494123759,1,-0.15742177391433038,95000.0,0,0,0,0,1,0
1.7803248525305582,0,1.8278530809896698,180000.0,0,1,0,0,0,1
-0.06114170248665133,0,-0.004708323537099594,120000.0,0,0,0,0,1,0
1.213719758679109,1,1.2169992794807467,160000.0,0,1,0,0,0,1
-0.9110493432638249,0,-1.073702476177715,50000.0,0,0,1,0,0,0
0.64711466482766,1,0.30071857721736195,110000.0,0,0,0,0,1,0
-1.1943518901895496,0,-1.3027726517435612,40000.0,0,0,1,0,0,0
-0.2027929759495136,1,-0.31013522429156115,95000.0,0,0,0,0,1,0
0.9304172117533845,0,0.7588589283490543,140000.0,1,0,0,0,0,1
-0.6277467963381004,1,-0.9209890258004843,60000.0,0,0,0,1,0,0
0.22216084443907322,0,-0.15742177391433038,110000.0,0,0,0,1,0,0
1.0720684852162468,1,0.911572378726285,150000.0,0,1,0,0,0,1
-0.7693980698009627,0,-0.9209890258004843,60000.0,0,0,0,1,0,0
-0.06114170248665133,1,-0.31013522429156115,90000.0,0,0,0,0,1,0
1.3553710321419714,0,1.5224261802352081,180000.0,1,0,0,0,0,1
-1.0527006167266872,1,-1.226415926554946,40000.0,0,0,0,1,0,0
0.08050957097621093,0,-0.15742177391433038,120000.0,0,0,0,0,0,1
1.213719758679109,1,1.0642858291035158,160000.0,0,1,0,0,0,1
-0.48609552287523816,0,-0.7682755754232535,70000.0,0,0,0,1,0,0
-0.2027929759495136,1,-0.31013522429156115,95000.0,0,0,0,0,1,0
1.6386735790676958,0,1.675139630612439,180000.0,1,0,0,0,0,1
-0.9110493432638249,1,-1.073702476177715,50000.0,0,0,0,1,0,0
0.5054633913647978,0,0.14800512684013117,95000.0,0,0,0,0,1,0
1.3553710321419714,1,1.3697127298579774,170000.0,1,0,0,0,0,1
-1.1943518901895496,0,-1.3027726517435612,35000.0,0,0,1,0,0,0
-0.3444442494123759,1,-0.15742177391433038,100000.0,0,0,0,0,1,0
0.9304172117533845,0,0.7588589283490543,150000.0,0,1,0,0,0,1
-0.6277467963381004,1,-0.9209890258004843,60000.0,0,0,0,1,0,0
-0.3444442494123759,0,-0.31013522429156115,85000.0,0,0,0,1,0,0
0.9304172117533845,1,0.4534320275945927,130000.0,0,0,0,0,0,1
-0.7693980698009627,1,-0.9209890258004843,65000.0,0,0,0,1,0,0
0.08050957097621093,0,-0.004708323537099594,110000.0,0,0,0,0,1,0
1.6386735790676958,1,1.675139630612439,180000.0,0,1,0,0,0,1
-1.1943518901895496,0,-1.226415926554946,40000.0,0,0,1,0,0,0
-0.3444442494123759,1,-0.4628486746687919,90000.0,0,0,0,0,1,0
1.0720684852162468,0,0.6061454779718235,140000.0,1,0,0,0,0,1
-0.6277467963381004,1,-0.9209890258004843,60000.0,0,0,0,1,0,0
0.36381211790193546,0,0.30071857721736195,130000.0,0,0,0,0,0,1
0.9304172117533845,1,0.911572378726285,160000.0,0,1,0,0,0,1
-1.0527006167266872,0,-1.226415926554946,40000.0,0,0,1,0,0,0
-0.06114170248665133,1,-0.15742177391433038,100000.0,0,0,0,1,0,0
1.4970223056048337,0,1.5224261802352081,180000.0,1,0,0,0,0,1
-0.9110493432638249,1,-1.073702476177715,55000.0,0,0,1,0,0,0
0.08050957097621093,0,-0.15742177391433038,120000.0,0,0,0,1,0,0
1.0720684852162468,1,0.911572378726285,150000.0,0,1,0,0,0,1
-0.6277467963381004,0,-0.7682755754232535,70000.0,0,0,0,1,0,0
-0.2027929759495136,1,-0.31013522429156115,95000.0,0,0,0,0,1,0
1.6386735790676958,0,1.675139630612439,180000.0,1,0,0,0,0,1
-0.9110493432638249,1,-1.073702476177715,50000.0,0,0,0,1,0,0
0.64711466482766,0,0.30071857721736195,120000.0,0,0,0,0,0,1
1.3553710321419714,1,1.3697127298579774,170000.0,1,0,0,0,0,1
-1.1943518901895496,0,-1.3027726517435612,35000.0,0,0,1,0,0,0
-0.3444442494123759,1,-0.15742177391433038,100000.0,0,0,0,0,1,0
0.9304172117533845,0,0.7588589283490543,150000.0,0,1,0,0,0,1
-0.6277467963381004,1,-0.9209890258004843,60000.0,0,0,0,1,0,0
-0.3444442494123759,0,-0.31013522429156115,85000.0,0,0,0,1,0,0
0.9304172117533845,1,0.4534320275945927,130000.0,0,0,0,0,0,1
-0.48609552287523816,0,-0.6155621250460227,80000.0,1,0,0,0,1,0
-0.2027929759495136,1,-0.31013522429156115,95000.0,0,0,0,0,1,0
-1.0527006167266872,0,-1.226415926554946,40000.0,0,0,1,0,0,0
-0.06114170248665133,1,-0.004708323537099594,120000.0,0,0,0,0,1,0
1.0720684852162468,0,0.911572378726285,160000.0,1,0,0,0,0,1
-0.7693980698009627,1,-0.9209890258004843,65000.0,0,0,0,1,0,0
0.22216084443907322,0,0.30071857721736195,130000.0,0,0,0,0,0,1
1.3553710321419714,1,1.5224261802352081,180000.0,0,1,0,0,0,1
-1.1943518901895496,0,-1.226415926554946,40000.0,0,0,1,0,0,0
-0.2027929759495136,1,-0.15742177391433038,100000.0,0,0,0,0,1,0
0.7887659382905223,0,0.7588589283490543,150000.0,0,1,0,0,0,1
-0.7693980698009627,1,-1.073702476177715,55000.0,0,0,1,0,0,0
0.08050957097621093,0,-0.004708323537099594,110000.0,0,0,0,0,1,0
1.4970223056048337,1,1.675139630612439,180000.0,1,0,0,0,0,1
-0.9110493432638249,0,-1.073702476177715,50000.0,0,0,1,0,0,0
0.36381211790193546,1,0.30071857721736195,130000.0,0,0,0,0,1,0
1.0720684852162468,0,0.911572378726285,160000.0,0,1,0,0,0,1
-0.6277467963381004,1,-0.9209890258004843,60000.0,0,0,0,1,0,0
-0.2027929759495136,0,-0.31013522429156115,95000.0,0,0,0,0,0,1
1.3553710321419714,1,1.3697127298579774,170000.0,1,0,0,0,0,1
-1.1943518901895496,0,-1.226415926554946,40000.0,0,0,1,0,0,0
-0.48609552287523816,1,-0.4628486746687919,90000.0,0,0,0,1,0,0
0.9304172117533845,0,0.7588589283490543,150000.0,0,1,0,0,1,0
-0.6277467963381004,1,-0.7682755754232535,70000.0,0,0,1,0,0,0
-0.3444442494123759,0,-0.31013522429156115,90000.0,0,0,0,0,1,0
0.7887659382905223,1,1.2169992794807467,170000.0,1,0,0,0,0,1
-0.9110493432638249,0,-1.073702476177715,50000.0,0,0,0,1,0,0
0.5054633913647978,1,0.6061454779718235,150000.0,0,0,0,0,1,0
0.9304172117533845,0,0.911572378726285,160000.0,0,1,0,0,0,1
-0.6277467963381004,1,-0.9209890258004843,60000.0,0,0,0,1,0,0
-0.3444442494123759,0,-0.31013522429156115,85000.0,0,0,0,1,0,0
1.0720684852162468,1,1.3697127298579774,180000.0,1,0,0,0,0,1
-1.3360031636524117,0,-1.3791293769321766,35000.0,0,0,0,1,0,0
-0.2027929759495136,1,-0.31013522429156115,110000.0,0,0,0,0,1,0
0.9304172117533845,0,0.911572378726285,160000.0,0,1,0,0,0,1
-0.9110493432638249,1,-1.073702476177715,55000.0,0,0,1,0,0,0
0.08050957097621093,0,-0.004708323537099594,110000.0,0,0,0,0,1,0
1.4970223056048337,1,1.675139630612439,180000.0,1,0,0,0,0,1
-0.9110493432638249,0,-1.073702476177715,50000.0,0,0,1,0,0,0
0.36381211790193546,1,0.30071857721736195,130000.0,0,0,0,0,1,0
1.0720684852162468,0,0.911572378726285,160000.0,0,1,0,0,0,1
-0.6277467963381004,1,-0.9209890258004843,60000.0,0,0,0,1,0,0
-0.2027929759495136,0,-0.31013522429156115,95000.0,0,0,0,0,0,1
1.3553710321419714,1,1.3697127298579774,170000.0,1,0,0,0,0,1
-1.1943518901895496,0,-1.226415926554946,40000.0,0,0,1,0,0,0
-0.48609552287523816,1,-0.4628486746687919,90000.0,0,0,0,1,0,0
0.9304172117533845,0,0.7588589283490543,150000.0,0,1,0,0,1,0
-0.6277467963381004,1,-0.7682755754232535,70000.0,0,0,1,0,0,0
-0.3444442494123759,0,-0.31013522429156115,90000.0,0,0,0,0,1,0
0.7887659382905223,1,1.2169992794807467,170000.0,1,0,0,0,0,1
-0.9110493432638249,0,-1.073702476177715,50000.0,0,0,0,1,0,0
0.5054633913647978,1,0.6061454779718235,150000.0,0,0,0,0,1,0
0.9304172117533845,0,0.911572378726285,160000.0,0,1,0,0,0,1
-0.6277467963381004,1,-0.9209890258004843,60000.0,0,0,0,1,0,0
-0.3444442494123759,0,-0.31013522429156115,85000.0,0,0,0,1,0,0
0.7887659382905223,1,1.3697127298579774,170000.0,1,0,0,0,0,1
-1.1943518901895496,0,-1.226415926554946,40000.0,0,0,1,0,0,0
-0.48609552287523816,1,-0.4628486746687919,90000.0,0,0,0,1,0,0
0.9304172117533845,0,0.7588589283490543,150000.0,0,1,0,0,1,0
